{
  "$schema": "http://json-schema.org/draft-07/schema#",
  "title": "InstantiateMsg",
  "type": "object",
  "required": [
    "network_id",
    "nft",
    "ownable_id"
  ],
  "properties": {
    "animation_url": {
      "type": [
        "string",
        "null"
      ]
    },
    "background_color": {
      "type": [
        "string",
        "null"
      ]
    },
    "description": {
      "type": [
        "string",
        "null"
      ]
    },
    "external_url": {
      "type": [
        "string",
        "null"
      ]
    },
    "image": {
      "type": [
        "string",
        "null"
      ]
    },
    "image_data": {
      "type": [
        "string",
        "null"
      ]
    },
    "name": {
      "type": [
        "string",
        "null"
      ]
    },
    "network_id": {
      "type": "integer",
      "format": "uint8",
      "minimum": 0.0
    },
    "nft": {
      "$ref": "#/definitions/NFT"
    },
    "ownable_id": {
      "type": "string"
    },
    "youtube_url": {
      "type": [
        "string",
        "null"
      ]
    }
  },
  "definitions": {
    "NFT": {
      "type": "object",
      "required": [
        "network",
        "nft_contract_address",
        "nft_id"
      ],
      "properties": {
        "network": {
          "type": "string"
        },
        "nft_contract_address": {
          "type": "string"
        },
        "nft_id": {
          "$ref": "#/definitions/Uint128"
        }
      }
    },
    "Uint128": {
      "description": "A thin wrapper around u128 that is using strings for JSON encoding/decoding, such that the full u128 range can be used for clients that convert JSON numbers to floats, like JavaScript and jq.\n\n# Examples\n\nUse `from` to create instances of this and `u128` to get the value out:\n\n``` # use cosmwasm_std::Uint128; let a = Uint128::from(123u128); assert_eq!(a.u128(), 123);\n\nlet b = Uint128::from(42u64); assert_eq!(b.u128(), 42);\n\nlet c = Uint128::from(70u32); assert_eq!(c.u128(), 70); ```",
      "type": "string"
    }
  }
}
