{
  "$schema": "http://json-schema.org/draft-07/schema#",
  "title": "InstantiateMsg",
  "type": "object",
  "required": [
    "ownable_id"
  ],
  "properties": {
    "animation_url": {
      "type": [
        "string",
        "null"
      ]
    },
    "background_color": {
      "type": [
        "string",
        "null"
      ]
    },
    "description": {
      "type": [
        "string",
        "null"
      ]
    },
    "external_url": {
      "type": [
        "string",
        "null"
      ]
    },
    "image": {
      "type": [
        "string",
        "null"
      ]
    },
    "image_data": {
      "type": [
        "string",
        "null"
      ]
    },
    "name": {
      "type": [
        "string",
        "null"
      ]
    },
    "ownable_id": {
      "type": "string"
    },
    "youtube_url": {
      "type": [
        "string",
        "null"
      ]
    }
  }
}
